{
  "subgraphx": {
    "5": {
      "fidelity": 5.9604645663569045e-09,
      "fidelity_inv": 5.9604645663569045e-09,
      "sparsity": 0.0,
      "accuracy": NaN,
      "stability": NaN
    }
  }
}